bond_name,company_name
국민주택1종19-06,국민주택
국민주택1종19-08,국민주택
국민주택1종19-11,국민주택
국민주택1종20-02,국민주택
국민주택1종20-12,국민주택
국민주택1종22-06,국민주택
국민주택1종22-07,국민주택
국민주택1종22-10,국민주택
국민주택1종23-04,국민주택
국민주택1종23-05,국민주택
국민주택1종23-09,국민주택
국민주택1종23-10,국민주택
국민주택1종23-12,국민주택
국민주택1종24-03,국민주택
국민주택1종24-05,국민주택
국민주택1종24-06,국민주택
국고03000-4212(12-5),국고
국고05750-2603(06-1),국고
국고01375-2409(19-5),국고
국고01500-2503(20-1),국고
국고01250-2603(21-1),국고
국고01875-2412(21-10),국고
국고02375-2703(22-1),국고
국고03125-2506(22-4),국고
국고04250-2512(22-13),국고
국고03500-2809(23-6),국고
국고03250-2903(24-1),국고
국고03250-2706(24-4),국고
국고04750-3012(10-7),국고
국고05500-2803(08-2),국고
국고05500-2912(09-5),국고
국고03750-3312(13-8),국고
국고03000-2409(14-5),국고
국고01875-2606(16-3),국고
국고01500-3609(16-6),국고
국고01500-2612(16-8),국고
국고02375-2712(17-7),국고
국고02375-2812(18-10),국고
국고02000-4903(19-2),국고
국고01125-3909(19-6),국고
국고01375-2912(19-8),국고
국고01500-5003(20-2),국고
국고01375-3006(20-4),국고
국고01500-4009(20-7),국고
국고01500-3012(20-9),국고
국고01875-5103(21-2),국고
국고02000-3106(21-5),국고
국고02375-3112(21-11),국고
국고03375-3206(22-5),국고
국고03125-5209(22-9),국고
국고04250-3212(22-14),국고
국고03250-5303(23-2),국고
국고03250-5303(23-2),국고
국고03250-3306(23-5),국고
국고03625-5309(23-7),국고
국고04125-3312(23-11),국고
국고04125-3312(23-11),국고
국고03250-5403(24-2),국고
국고03500-3406(24-5),국고
국고03500-3406(24-5),국고
국고01875-4109(21-9),국고
국고03125-2409(22-10),국고
국고03250-2603(24-3),국고
물가00750-3406(24-6),물가
국고03250-4209(22-11),국고
국고03875-4309(23-9),국고
국고03500-7209(22-12),국고
서울도시철도22-04,서울도시철도
서울도시철도22-06,서울도시철도
서울도시철도22-10,서울도시철도
서울도시철도22-12,서울도시철도
서울도시철도23-02,서울도시철도
서울도시철도23-03,서울도시철도
서울도시철도23-06,서울도시철도
서울도시철도23-08,서울도시철도
서울도시철도23-09,서울도시철도
서울도시철도24-01,서울도시철도
서울도시철도24-03,서울도시철도
서울도시철도24-04,서울도시철도
서울도시철도24-05,서울도시철도
서울도시철도24-06,서울도시철도
서울도시철도20-08,서울도시철도
서울도시철도20-09,서울도시철도
강원지역개발21-02,강원지역개발
강원지역개발24-05,강원지역개발
강원지역개발24-06,강원지역개발
대전지역개발21-11,대전지역개발
대전지역개발24-05,대전지역개발
대전지역개발24-06,대전지역개발
인천지역개발22-08,인천지역개발
인천지역개발24-05,인천지역개발
인천지역개발24-06,인천지역개발
광주지역개발24-05,광주지역개발
광주지역개발24-04,광주지역개발
광주지역개발24-06,광주지역개발
부산지역개발23-11,부산지역개발
부산도시철도19-07,부산도시철도
부산지역개발24-03,부산지역개발
부산지역개발24-05,부산지역개발
부산지역개발24-06,부산지역개발
부산도시철도22-08,부산도시철도
부산도시철도24-04,부산도시철도
부산도시철도24-06,부산도시철도
부산도시철도24-05,부산도시철도
대구지역개발22-08,대구지역개발
대구지역개발24-05,대구지역개발
대구지역개발24-06,대구지역개발
대구도시철도24-05,대구도시철도
대구도시철도24-06,대구도시철도
울산지역개발22-11,울산지역개발
울산지역개발24-04,울산지역개발
울산지역개발24-05,울산지역개발
울산지역개발24-06,울산지역개발
충남지역개발24-04,충남지역개발
충남지역개발24-05,충남지역개발
충남지역개발24-06,충남지역개발
충북지역개발20-05,충북지역개발
충북지역개발23-12,충북지역개발
충북지역개발24-04,충북지역개발
충북지역개발24-05,충북지역개발
충북지역개발24-06,충북지역개발
경기지역개발22-03,경기지역개발
경기지역개발22-04,경기지역개발
경기지역개발24-06,경기지역개발
경기지역개발24-05,경기지역개발
전북지역개발24-04,전북지역개발
전북지역개발24-05,전북지역개발
전북지역개발24-06,전북지역개발
전남지역개발23-02,전남지역개발
전남지역개발21-12,전남지역개발
전남지역개발23-11,전남지역개발
전남지역개발24-04,전남지역개발
전남지역개발24-05,전남지역개발
전남지역개발24-06,전남지역개발
경북지역개발24-04,경북지역개발
경북지역개발24-05,경북지역개발
경북지역개발24-06,경북지역개발
경남지역개발24-05,경남지역개발
경남지역개발24-06,경남지역개발
제주지역개발19-12,제주지역개발
제주지역개발23-11,제주지역개발
제주지역개발24-05,제주지역개발
제주지역개발24-06,제주지역개발
창원지역개발24-05,창원지역개발
창원지역개발24-06,창원지역개발
세종지역개발24-05,세종지역개발
세종지역개발24-06,세종지역개발
통안03670-2507-02,통안
통안04020-2510-02,통안
산금 조건부(상)14후이1000-1211-1,산금
기업은행 조건부(상)2208이(신)영B-12(사),기업은행
기업은행 조건부(상)1503이(신종)30B-10,기업은행
기업은행 조건부(상)1611이(신종)영구A-04,기업은행 
한국전력1098,한국전력
한국전력1227,한국전력
한국전력1269,한국전력
한국전력1305,한국전력
한국전력1210,한국전력
한국전력1005,한국전력
한국전력1021,한국전력
한국전력1194,한국전력
한국전력1293,한국전력
한국전력1045,한국전력
한국전력1028,한국전력
한국전력1275,한국전력
한국전력1065,한국전력
한국전력1315,한국전력
한국전력1281,한국전력
한국전력1282,한국전력
한국전력1225,한국전력
한국전력1288,한국전력
국가철도공단채권303,국가철도공단채권
국가철도공단채권347,국가철도공단채권
경기주택도시공사22-08-47,경기주택도시공사
경기주택도시공사22-11-49,경기주택도시공사
경기주택도시공사보상21-12-02가,경기주택도시공사
한국지역난방공사신종자본증권 2,한국지역난방공사
주택금융공사47,주택금융공사
주택금융공사MBS2022-16(1-7)(사),주택금융공사
제주국제자유도시개발9,제주국제자유도시개발
서울주택도시공사(서초)21-10,서울주택도시공사
토지주택채권(용지)21-07,토지주택채권
토지주택채권(용지)21-08,토지주택채권
토지주택채권(용지)22-01,토지주택채권
토지주택채권(용지)23-07,토지주택채권
토지주택채권(용지)23-11,토지주택채권
용인도시공사보상2024-03가,용인도시공사
대구교통공사49,대구교통공사
인천교통공사2022-01(녹),인천교통공사
한국공항공사10,한국공항공사
수산금융채권(은행)23-11이영구(신종)-22,수산금융채권
농업금융채권(은행)2023-07이-A(신종),농업금융채권
농업금융채권(은행)2024-05이-A(신종),농업금융채권
우리은행조건부(상)2609이(신)영구5갑21,우리은행
메리츠화재6(후),메리츠화재
하이트진로128-2,하이트진로
두산309,두산
두산306-2,두산
두산307-2,두산
두산310-1,두산
두산310-2,두산
한화손해보험12(후),한화손해보험
한화손해보험신종자본증권 14,한화손해보험신종자본증권
롯데손해보험7(후),롯데손해보험
롯데손해보험8(후),롯데손해보험
롯데손해보험신종자본증권 3,롯데손해보험신종자본증권
롯데손해보험9(후),롯데손해보험
롯데손해보험11(후),롯데손해보험
롯데손해보험13(후),롯데손해보험
롯데손해보험14(후),롯데손해보험
흥국화재19,흥국화재
흥국화재신종자본증권3,흥국화재신종자본증권
현대건설305-1,현대건설
현대건설304-2,현대건설
현대해상4(후),현대해상
DL건설1-2(지),DL건설
한진103,한진
한진94-2,한진
한진96-2,한진
한진99-2,한진
한진115-2,한진
넥센타이어59-2,넥센타이어
케이씨씨73-2,케이씨씨
케이비손해보험1(후),케이비손해보험
SK에코플랜트177-1,SK에코플랜트
SK에코플랜트177-2,SK에코플랜트
SK에코플랜트180-2,SK에코플랜트
SK에코플랜트174-3,SK에코플랜트
SK에코플랜트180-3,SK에코플랜트
대한항공100-1,대한항공
대한항공102-1,대한항공
대한항공106-1,대한항공
대한항공99-2,대한항공
대한항공100-2,대한항공
대한항공105-2,대한항공
대한항공106-2,대한항공
대한항공95-3(녹),대한항공
대한항공98-3,대한항공
대한항공106-3,대한항공
케이지모빌리티122,케이지모빌리티
롯데지주14-1,롯데지주
DB손보2(후),DB손보
제주은행 조건부(상)5(신종-영구-5콜)(사),제주은행
제주은행 조건부(상)6(신종-영구-5콜)(사),제주은행
녹십자44-2,녹십자
GS건설144-1,GS건설
GS건설144-2,GS건설
디엔오토모티브1-2,디엔오토모티브
디엔오토모티브6-2,디엔오토모티브
산은캐피탈658-5,산은캐피탈
한양76(녹),한양
한화솔루션275-2(녹),한화솔루션
OCI84-2,OCI
S-Oil56-1,SOil
유니켐38,유니켐
에이치엘디앤아이한라143,에이치엘디앤아이한라
에이치엘디앤아이한라131-2,에이치엘디앤아이한라
풀무원66CB,풀무원
유니슨15,유니슨
케이씨씨건설30,케이씨씨건설
케이씨씨건설32-2,케이씨씨건설
한국캐피탈510-1,한국캐피탈
한국캐피탈512-1,한국캐피탈
한국캐피탈456-2,한국캐피탈
한국캐피탈514-2,한국캐피탈
한국캐피탈456-3,한국캐피탈
한국캐피탈458-3,한국캐피탈
하나에프앤아이182-2,하나에프앤아이
동화기업19-1,동화기업
동화기업21,동화기업
증권금융채권2020-4-1,증권금융채권
증권금융채권2021-4-1,증권금융채권
SK실트론47-2(녹),SK실트론
롯데캐피탈375-1,롯데캐피탈
롯데캐피탈443-1,롯데캐피탈
롯데캐피탈444,롯데캐피탈
롯데캐피탈445,롯데캐피탈
롯데캐피탈380-2,롯데캐피탈
롯데캐피탈387-2,롯데캐피탈
롯데캐피탈416-2,롯데캐피탈
롯데캐피탈440-1,롯데캐피탈
롯데캐피탈377,롯데캐피탈
롯데캐피탈420-2,롯데캐피탈
롯데캐피탈409-3,롯데캐피탈
삼성카드2452,삼성카드
삼성카드2415,삼성카드
현대캐피탈1820-1,현대캐피탈
현대캐피탈1650-1,현대캐피탈
현대캐피탈1637-2,현대캐피탈
중앙일보41,중앙일보
KT192-3,KT
롯데카드466-1,롯데카드
롯데카드398-2,롯데카드
롯데카드신종자본증권 1,롯데카드
롯데물산13-1,롯데물산
LG유플러스99-3,LG유플러스
LG유플러스105-3,LG유플러스
신한카드2085-2,신한카드
신한카드2149-1,신한카드
신한카드2147-2,신한카드
우리금융캐피탈456,우리금융캐피탈
두산에너빌리티74,두산에너빌리티
두산에너빌리티78-2,두산에너빌리티
엘지디스플레이43-1(녹),엘지디스플레이
엘지디스플레이44-1(녹),엘지디스플레이
엘지디스플레이44-2(녹),엘지디스플레이
신세계건설14,신세계건설
한화호텔앤드리조트47-1,한화호텔앤드리조트
한화호텔앤드리조트47-2,한화호텔앤드리조트
한국토지신탁40,한국토지신탁
한국토지신탁42-2,한국토지신탁
한국토지신탁43,한국토지신탁
한국토지신탁44-1,한국토지신탁
한국토지신탁44-2,한국토지신탁
네이버4-2,네이버
이랜드월드100-1,이랜드월드
이랜드월드101,이랜드월드
이랜드월드100-2,이랜드월드
콘텐트리중앙21-1,콘텐트리중앙
콘텐트리중앙20-2,콘텐트리중앙
콘텐트리중앙21-2,콘텐트리중앙
콘텐트리중앙22-2,콘텐트리중앙
지에스엔텍10,지에스엔텍
에스엘엘중앙16-1,에스엘엘중앙
에스엘엘중앙15-2,에스엘엘중앙
에스엘엘중앙16-2,에스엘엘중앙
롯데글로벌로지스49-2(녹),롯데글로벌로지스
롯데글로벌로지스50-2,롯데글로벌로지스
HD현대인프라코어79,HD현대인프라코어
엠캐피탈353,엠캐피탈
엠캐피탈357-1,엠캐피탈
엠캐피탈336-2,엠캐피탈
엠캐피탈357-2,엠캐피탈
엠캐피탈359-1,엠캐피탈
엠캐피탈345-1,엠캐피탈
엠캐피탈339-2,엠캐피탈
엠캐피탈321,엠캐피탈
여천NCC74,여천NCC
여천NCC78,여천NCC
씨제이프레시웨이11,씨제이프레시웨이
신한금융조건부(상)11-1(신종-영구-5콜),신한금융
신한금융조건부(상)14(신종-영구-5콜),신한금융
에스케이이엔에스17-1,에스케이이엔에스
한국남부발전54-1,한국남부발전
현대로템38-2,현대로템
현대로템42-2,현대로템
한국중부발전48-1,한국중부발전
한국중부발전57-1,한국중부발전
한국중부발전53-2,한국중부발전
LG전자93-4,LG전자
에이치디현대삼호16-2(녹),에이치디현대삼호
에이치엘비생명과학9,에이치엘비생명과학
SK렌터카45-2(녹),SK렌터카
한화243-2,한화
교보생명보험신종자본증권 4(지),교보생명
컴투스1-1,컴투스
컴투스1-2,컴투스
씨제이 씨지브이32CB(신종),씨제이 씨지브이
씨제이 씨지브이35CB(신종),씨제이 씨지브이
씨제이 씨지브이36,씨제이 씨지브이
씨제이 씨지브이신종자본증권 39,씨제이 씨지브이
한국유니온제약3,한국유니온제약
에이비엘생명보험1(후),에이비엘생명보험
에이비엘생명보험2(후),에이비엘생명보험
미래에셋캐피탈48-2,미래에셋캐피탈
미래에셋캐피탈77-1,미래에셋캐피탈
미래에셋생명2(후)(지),미래에셋생명
에코프로22-1,에코프로
하나금융지주56-2,하나금융지주
이수앱지스8CB,이수앱지스
푸본현대생명보험14(후),푸본현대생명보험
푸본현대생명보험20(후),푸본현대생명보험
푸본현대생명보험23(후),푸본현대생명보험
푸본현대생명보험24(후),푸본현대생명보험
푸본현대생명보험26(후),푸본현대생명보험
푸본현대생명보험27(후),푸본현대생명보험
케이디비생명보험11(후),케이디비생명보험
한화생명보험신종자본증권 2,한화생명보험
한화생명보험3(후),한화생명보험
한화생명보험4(후),한화생명보험
신한라이프생명1(신종),신한라이프생명
신한라이프생명3(후),신한라이프생명
흥국생명보험8(후),흥국생명보험
애큐온캐피탈205-1,애큐온캐피탈
애큐온캐피탈151-4(지),애큐온캐피탈
AJ네트웍스70-2,AJ네트웍스
풀무원식품70,풀무원식품
엘에스전선23-2,엘에스전선
KB금융조건부(상)7-2,KB금융조건부
KB금융지주44-3,KB금융지주
에이프로젠 H&G6,에이프로젠 H&G
케이씨코트렐3CB,케이씨코트렐CB
한국자산신탁8-1,한국자산신탁
한국자산신탁8-2,한국자산신탁
팜한농22-1,팜한농
알씨아이파이낸셜100,알씨아이파이낸셜
메리츠금융지주신종자본증권 2,메리츠금융지주
메리츠금융지주신종자본증권 4,메리츠금융지주
메리츠금융지주신종자본증권 5,메리츠금융지주
메리츠금융지주신종자본증권 6,메리츠금융지주
SK지오센트릭15-4,SK지오센트릭
하림지주8,하림지주
BNK금융 조건부(상)1-2,BNK금융
DGBFG 조건부(상)7(신종-영구-5콜),DGBFG
이지스자산운용14,이지스자산운용
이지스자산운용15,이지스자산운용
이지스자산운용10-2,이지스자산운용
케이비국민카드신종자본증권 1,케이비국민카드신종자본증권
제이티비씨31,제이티비씨
BNK캐피탈235-4,BNK캐피탈
삼척블루파워5,삼척블루파워
삼척블루파워6,삼척블루파워
삼척블루파워7-1,삼척블루파워
삼척블루파워8,삼척블루파워
삼척블루파워9,삼척블루파워
삼척블루파워7-2,삼척블루파워
농협생명보험2(후),농협생명보험
현대케피코7-2,현대케피코
농협금융 조건부(상)4,농협금융지주
농협금융지주37-1,농협금융지주
농협금융 조건부(상)5,농협금융지주
메리츠캐피탈237-1,메리츠캐피탈
메리츠캐피탈243,메리츠캐피탈
메리츠캐피탈208-2(지),메리츠캐피탈
메리츠캐피탈180-3,메리츠캐피탈
동아에스티8CB,동아에스티
동아에스티12-2,동아에스티
JB금융지주조건부(상)6(신종-영구-5콜),JB금융지주
JB금융지주조건부(상)7(신종-영구-5콜),JB금융지주
아이엠캐피탈96-1,아이엠캐피탈
한진칼13,한진칼
에스케이인천석화신종2,에스케이인천석화
에스케이인천석유화학18-3,에스케이인천석유화학
경남은행 조건부(상)22-05이(신)영A10(사),경남은행
에스케이어드밴스드12-1,에스케이어드밴스드
에스케이어드밴스드12-2,에스케이어드밴스드
삼성바이오로직스7-1,삼성바이오로직스
한솔제지258-1,한솔제지
한국투자캐피탈112-1,한국투자캐피탈
한국투자캐피탈112-4,한국투자캐피탈
넷마블2-2,넷마블
펄어비스1,펄어비스
HD현대일렉트릭8-1,HD현대일렉트릭
HD현대일렉트릭11-2,HD현대일렉트릭
HD현대건설기계12-1,HD현대건설기계
HD현대건설기계13-2,HD현대건설기계
삼양패키징2,삼양패키징
DH오토리드9,DH오토리드
효성화학12,효성화학
효성화학3-2,효성화학
효성화학9-2,효성화학
효성첨단소재2-2,효성첨단소재
키움캐피탈156-1,키움캐피탈
키움캐피탈169,키움캐피탈
키움캐피탈123,키움캐피탈
키움캐피탈137,키움캐피탈
키움캐피탈140-2,키움캐피탈
키움캐피탈127,키움캐피탈
키움캐피탈147,키움캐피탈
키움캐피탈159-2,키움캐피탈
우리금융조건부(상)12(신종),우리금융
우리금융조건부(상)14(신종),우리금융
우리금융조건부(상)15(신종)(사),우리금융
엠에프엠코리아7,엠에프엠코리아
에이치디현대중공업7-1,에이치디현대중공업
에이치디현대중공업5-2,에이치디현대중공업
에이치디현대케미칼4-2,에이치디현대케미칼
에이치디현대케미칼6-3,에이치디현대케미칼
이지스밸류리츠1-1(녹),이지스밸류리츠
두산퓨얼셀3,두산퓨얼셀
제이알글로벌위탁관리2,제이알글로벌위탁관리
칼제이십오차유1-15,칼제이십오차유
칼제이십오차유1-16,칼제이십오차유
에스케이온4-1(녹),에스케이온
에스케이온4-2(녹),에스케이온
에스케이온5-2(녹),에스케이온
케이비스타리츠2-1,케이비스타리츠
케이비스타리츠2-2,케이비스타리츠
통영에코파워3,통영에코파워
통영에코파워2,통영에코파워
뉴스타반포3제일차유1,뉴스타반포제일차유
국고채원금03740-2412(21-10),국고채원금
국고채원금03430-2409(19-5),국고채원금
국고채원금03390-2503(20-1),국고채원금
